ID, Sequence
c10308_g1_i1_orf_1, MKVEMAVFLLACLVCISQKVLATRKIVFFPCHLKICNMGRPRPRSLTMCPFPCAADECCTGGYNNRRCQKLSSEDQRCEPSNKSNNYMSKCPCQDGMLCGEERRCQKL*
c107_g1_i1_orf_1, PCSVSCGSGIRIREKVCDNPDDCKDFNREEKLCHLPDCDDGWGEWQAWSSCDSINNQQRQRRCKYDRLSLKHCSGESKETRACGNCPIPEKKYCHRLAKLTQCCASIHCVRGNVCCIEPCGNTCRGPSATNYG
c11151_g1_i1_orf_1, VNGYSYRSYFDTGDSQEIRNSGMETYATNTSNHDYSTSNNQKSPPKYSHNAQSVYNNNHYYQNASDMNNYSGNGTNENLIPQNSYTPTSGGQGNHSSPYSQHPSQSPVTKEPLPSPYAQSQPSPFEQ
c11693_g1_i1_orf_1, PAVQTCKEKPDAGMCLAYMPQWYYNAEEGKCYEFIYGGCQGNGNRYETEEECMENCRGVRPEHSGSSVCELPATTGRCRGYFPRYYFDRDVGQCQKFVYGGCGGNGNNFETRVACEETCANQGPG
c12049_g2_i1_orf_1, PKECRPGGAKGNFIMYASATSGDRPHNNKFSECSVHNISQVLRAVFSNEGKENCFEKDDGAFCGNKIVEEGEECDCGYDERECTELCCYPKEVGKFISQGEPARPCQLRGQ
c12127_g1_i1_orf_1, GIANLYCFEKKDSVITMSNSENIIKSISTFWNSKKQGEFYGCDVCEYQTKKLWHLKQHYRKHTGQRPFLCTHCNKSFTQKSALNRHLTIHTGEKLLICCKCNKRFVSNMCLNQHIMVE
c1346_g1_i1_orf_1, CVDIDECQNATLCQNGRCMNTIGSFTCMCPTGYDLTSDGTKCTDQDECSITGMCANGVCVNGAGSFTCRCHAGYSLSPTRQSCIDIDECKENGRICLKGKCKNTPGSYKCVC
c13987_g1_i1_orf_1, MKMGWMIPRHLFALSFLLAIACTFAVEDHEDNFLNADEEFSQETARSSLPAGAECDGHKNDCQCYGEMHRCTCPFLWPFRQGKCYCRLGWKHTCVLKLKCPNKDEWVDDTRNDASECKSA*
c14951_g1_i1_orf_1, MQYQYNAICFLIFFSYCCPCSADTNTSNSSLLNENETVLPELGFSVWNNVSSSKKPVTKFKIKKRASRKKLGDKCSTFSECPPIALCMSGICTCPYEYYTYMSPSEPRLAICRKKVKFGFYCSLTEDCVGYDANSACHDGVCKCINGTHYIGSRNLLSYHKRCYKILEREGDICEIDE
c15101_g2_i1_orf_1, DKKKLCDSVRDCEDGADEKDACSSHLCMSLRCEYGCRASLEGGECYCGSGMQVDPLNSQKCTDMNECNEWGYCEQVCINTMGSYICSCMADYSFVAPKHCKAHNSSGMRLIFAHHSVIYKANSEGSLMELVTNTTAASGLDFHYQKNLLFWSDTVTRKIYSIKLDPWIEAQHIPNFNVSFPW
c15102_g1_i1_orf_2, MKIPIQDHWSQNLATFFPEAIAFIDEARQKKECILVHCLAGISRSVTITLAYLMQKLSMPLNDAYDFVRQRKANISPNFNFMGQLMDFERQLNLGPCHCTCQASPCHCQTLHFISPIRTTPDSGIDVDHWT*
c15337_g1_i2_orf_1, CTRYWHCWNGTGTVQMCPFSLLYNEVEHACDWPDKVPGCQQHPLCKGIPNGVKPIQDSCLRYWMCVGGYPRLQRCPAGLAFSSESLRCDWANNVPGCEPPPPAEEEEEAIQSPPPRRQHNRRVTASDEEPTLN*
c15897_g1_i1_orf_1, TTMLFPSALVLVSAVAVSAAPMESLDEELNSKIGGLLFRRQMLVQNLITDCPEGTTLCGPHKCCYSHSQTELSALSDVTAFEPFKTVRRVPYSPNHEVLLQSDNNCCLNLALQTICCGGLLPVCTPFGCFP*
c15913_g1_i3_orf_1, SMSEEKRENDLKIEFDGTTVLCRVCGDKASGFHYGVHSCEGCKGFFRRSIQQKIQYRPCTKNQQCSILRINRNRCQYCRLKKCIAVGMSRDAVRFGRVP
c16292_g1_i1_orf_1, MYSWHPILFLLVLAFPSYQTSSDLSYEELEELDANCHMLDSCNVRRTSDSLEKYTCQCESYCSKYDTCCIDSRYRDRKKGQSYTCRPVNGDQENHYFMVDQCPSSNRDTALEKLCKDDWNNEDYLLPLVPVTSVSSNLTYKNTFCLKCNEATDNFLYWKINLNSDVASEDNSGQNILPVFDKTRQTWTA
c17442_g1_i1_orf_1, SLERELKMVPFYIFLIASCLAFVASDSVTVSPEEQKAIEGKLDKLQAIEDFMELIINGDKSVEARDETCLPLYSTCSVLSGPNCCGLRTRCFWFAKKCKEYNLGVALDEIGKAVG*
c18085_g1_i1_orf_1, RDSHIDLSQLHFKMTCSKMTVGILSWCLVMMIVVDAVDKDYKFKGFMSDLVQKPIFYGSEIRNTAREIGDPCQFSFDCSSGCCLQERNGKRRCSRKVKKDERCSVSQLKLDLYRDYCPCEKGNKYCSDDPEARCAA*
c18785_g1_i1_orf_1, MLKKTMKSLLFVTIAVYFVAQAVTANLLSDFLGHSLIDDNKGNMHKLYKRSDDQCIGRSCTCDASPTSCCPYAACRCNLWETSCKCQRTGRKWATPCKEIYSPN*
c18799_g1_i1_orf_1, SELFAACTITPFGCCPDEITTALGPNLEGCCFGLRFGCCPDNKTAALGPDFQGCGCQTYPFGCCPDGITAAQGENYQGCRCEHFRYGCCQDKVTPSKGPNFEGCICQFMQYGCCPDGRTPILNENGEGCGCDSTRYGCCPDGKTTATSA
c19305_g1_i1_orf_1, LIPKMMCFMITLVCLYGALATGMGQEFGEEDIDNMICTQEETQRASVLQCISLLPRSHFEIVKQCNSQLENIGDDYSALLDIYCNNQESFEESDTCVTEVYRSRGMSEMEPLRPTMECMQSLIAKK*
c19407_g1_i1_orf_1, LIEALREAYGLQGTFLILSGVILNVLPAAILLRPPIWTKSGNKSPRKSLKESIQEKRRMYVVPDDYVKSNAEKKMSPISCNPNMLEKIKMCCSSCLPLKTHSTINLL
c19742_g1_i1_orf_1, MVVRLTLMVFLVFAMQFLRSGGYAYFKPMMYGEAECIDNDWQSHPIGSIWYNNKKCEKVECVFYTDTLYIRGSGCSTIGVPAGCHLIPGKGISYPSCCPQVQCEDGTIW*
c19968_g1_i1_orf_1, MSSLSITFAVAVVAVFIVLQCSSQAPAYIPNEAEKKICEDKAAEKGTTLNEAKKDRPQSCKIVCYYADGTESTENSPNGQLCCDVVGVGPTGTCKDGNCPVGGIGK*
c20046_g1_i1_orf_1, MTQAFFFLLLVSLVTSTLSNEFHFCPRAIDEVCPVKEKRNECCSPTECRFGEMCCSEPCGNVCRVKSDTPLGFPAKEDSNCKVGKIKEKWYQKIWSKVTKWG*
c20056_g1_i3_orf_1, KNSLNGMKVFLAVGLLFINFCFGSRTFFSPDMCEFKERYNKCTFQFPNAAVGECLIFNNEVCREYNDSSSWNLGPRTVPASVNDIPVNISVVPYAYSKSNLSNYNTSAINITVTLLHRGNVIL*
c20080_g1_i1_orf_1, KPFACEICQKQFTQKSGLSIHRRVHTGEKSYTCDICKKQFFEKSNLTRHFRTHTEEKAHCCDICEKRFFEKRLLIRHYCTHTGEKLFCCNICQKPFARKDALTRHLLS
c20270_g1_i1_orf_1, MNSFLIIAFCATASILLAHVECYSEPDCSQGCDKNMCPEIPKCECGTYLDYCKCCSFCLKCPGQQCSLVANEQCSNGTTCKPPNGATGIMAMNGPGWCT*
c20282_g1_i1_orf_1, MRTLILCLVICSVFTANAFSEENDDEMKAESISQLLETLDFDESNQLRSDDESDGECIARDHECTQHRHMCCRSKFFKDKCKCFYVEGNDTETEVELCTCQQEWYLGMTE
c20618_g1_i1_orf_1, DIQELFPEDKECITQRLALEKERFEPSSSFYGMDHDAYEDMVMEECLKQSGHFKMHKNGKKGYNPFNRPMGQMTVYRTHLSCLCSHVNKAEGYSCANILPFSEQMWTSYMGLKGNCVAKQRHFV*
c20665_g1_i1_orf_1, FFFFYDFFSYSDLSFSNYLKLNMKLLLISVFVISLAIRCIEAAAKNPETERQCINVEHEECTNNRGNCCSGLGCQCYREYIKGVKGPLRCYCIKNGVTYMPYKSD*
c2068_g1_i1_orf_1, MNFRISYICCFVLLLSSANLASLIPDLSPACLDTEVGKLFINSHSTPYGNLSAGIYKKKNAEILTDCIEACCDDRNCNVAFLFNTTCYTIQCHTYELCKPLKRSGKKFEKAFL
c21287_g1_i1_orf_1, MNKFLVISLQIFLCSLYFQTSSAIYCYQCNSNEETYCSELFNRDGLDLEPSVCEGIYEVKYCIKATGMYEGTIGTRRFCSSRHHGNYCEYVRRPGDEREYRSCVYTCSSDGCNGTSSVSKSLTLILICIVSCIAWLMLN*
c22147_g1_i1_orf_1, GNLTRHYLLCTGENPDTRHHRVHTAEKPHACGMCHKQFTSKCNLIKHCLVHTGEKPYACYICHKTFSQKNSLTSHNRIHTGEKPYACEICHKKFSQKSNLYYHNRIHTGEKPYACDLCHKKFNHKRSLTSHHRLHTGEKP
c22266_g1_i1_orf_1, MRCILPSLAIFLVLLACSSSRTTNEARSLSESLDELDAAEARIPFWGERRDEEKKCIKKHHECTHDKRNCCKGMFFRYKCHCYDVADEKGELVERCACHNPFRYRLVDLAVNIGKTLG*
c22363_g1_i3_orf_1, MFRGQSYSKMEMLKIVLLLTCFFVAVHSLTVENRELEADFNDAPELARAKSLPPGSVCDKDKDNCQCYGKWHRCECPLFSSGPCTCTKGYQWHCIWKLSCPNKHEWGLDWRNEESERHPC*
c22449_g1_i1_orf_1, MMTRCWSILMLIALISVSSSRVIDELEEEEEEDEYEDEDDIEFMCSEFTCDDYECPKVEVCEYGYVPDVCKCCYACAKGPGEQCGGMFDLAGECTPGYKCDPHPKYPQLPGICVEE*
c22863_g1_i1_orf_1, MSRFTILLVIAILCSANSVQGYVYQGEANIKNGYCDLEELGFGKVAVGENGYNNARCEKVMCNEGGFVVHGCGTIMYDRENCELVPGSGKYPKCCPRARCKLNG*
c22963_g1_i2_orf_1, MMWTRIQLFPRLTLFIICTGIAVSNNAANGVITLKNASRFNCFSCEGSCEKITTCDNAIVCYSYSVVDAYGAHSYQKGCLDKKDLQFLMCNTKEYTPDKPNTGQYSGLCCQGDYCNNGSFPVLTPRVFSFS
c23116_g1_i1_orf_1, SFLIRTNFNKVRDLKMFISLLLLSCGAIVAQGSLYESLDAEEIAAVQERLGVYEMFSKLMQDEFLPEAARKDECLPVGAVCKFGSGPNCCGLSTRCNIYDTQLPAKKKGEAPKWISKCRKMKIGKK*
c23600_g1_i1_orf_1, RRGLSDKWIIMLNWLWIVSFLVTSCIGSILSAEEQKLFTQNESLPSNLQLQPGRHGRRLVPVFQEQGVSKPLCNMFGCDCIPPENAKCCDGYKFDPLSKKCRQLA*
c23836_g1_i1_orf_1, MRVISCVLGFSFLLAVLLDDAWGKSCQSANQCRSNECCMTKSSVLGGCREKGCQGCTCHPANEKSNIGDMYLFSCPCENGLVCVPEKIVENTEERTVEYLNSTCQSADTVMKLHSHYLQKRSIPIRFLHSMFSIK*
c23899_g2_i1_orf_1, SQKWQSCTSCCQNTHTPCAMHHCAQNHSNFSSSGNQQTTQQHCCYPNNAGQPLMQNCYNEMQKPMQTHPVCTNNPAPNVQKVTYNQSNVPYAASIPPASNMHSNNPMQNSCYQAYPHQQGMT
c24417_g1_i1_orf_1, MSHDNEDVNIVDEDENNDKELETNGQKPEKMFTLKKWNAVAMWSWDVECDTCAICRVQVMDACLRCQAENKQDDCVVVWGECNHSFHNCCMSLWVKQNNRCPLCQQDWLVQRIGK*
c24601_g1_i1_orf_1, GILGYVFRDEVEKSMHQEMVMSVPQYKNETAVTDAWDSVQEFFKCCGLTIDYDDSYLIWRKKNGAFQNDKMVPDSCCKLRDRQSILNCQSDPKNHAYSKDCYIQMKDFVKNHALILGGIGIGISCVLIVGMMLSCALFLMIN*
c24618_g1_i1_orf_1, LKMKVALVLLSVLCLVYCSSLSEQELEAAELQEALEFFDAASEVAENDDAVIPKDEARAWSCLPKDSTCDDDCQCCQDLHCHCPFRRTLASIFRCSCKAKDGHYNKCPKYNKKG
c24638_g1_i2_orf_1, MATFIPSFVLFGVVLMQFASGALSMQCPVQLGLEVPCPVPFMDEDKVFCCRTSENIGYCCDIGDYIKNNTAIIAGILVGAIIVLIVITLCCCCFCSCCLLSKRRTHRGTILSG*
c24679_g1_i1_orf_1, GEHCCPSGYRCDLPNKQCVKTSDISNSVIDSHFSSNPKAFESFRTTNRKEEPHKQCPGGARQCPSHMSCCLNDEGDWSCCPNPASNINKNIDLDNCCNSIWGYICCYYPHQGCTFLGCI*
c24907_g1_i1_orf_1, MKSYVVFCLVAILVFVTVEGQLCGIRKCPDDECCIKRGMLLLGRCSKGGEGDACGGSGNCKCNLGLDCKGNVCMASSTTAITGSVTTPVTQSTPEMSSQGSTV*
c25192_g1_i1_orf_1, MMFKVFVLLTVAVVVANAIVCPKDYCSKVDCEDLTDCLESNGQRVREKGSFCNCCDICVKILGEGERCQPEGEFLGVIITSECAKGLVCDYNTKRCTTA*
c25514_g1_i1_orf_1, METVPLIYRFCLLISCSGSQPPPLFCLLYFQFTTKKDEPCSYIHQSEIITLKKRNIFKHPQDDPDSATLFRTSETRLAKEWMELHSIYTSYCRCLKHYHPQMNAHIAQFPTVMMLTHFLSA*
c25913_g2_i2_orf_1, YLKHQKWHYRQENVKLPFRCAFCTYSSFQSTHMKAHLMRHTGTKPFQCQLCEYHCTTKSDLKTHMLTHIGRKEFICEICSKAFTLNCHLKQHQKVHRRITN*
c26414_g1_i2_orf_1, MESHTILLAQPGKLETRSYSDFDSVNECVEGVCHMYEEHLKKLNPHSLSISYDIRQLFEFIDQLTDLCCLVYQKSTNTYAPYNKDWIKEKIYILLRRQATKHK*
c26484_g1_i1_orf_1, MHKLIFLLAITVAIAEAAKAKTECQVHREREQKSKAPLPMRLIPECDSNGDYKPRQCFKDSKFCACWDKSGNPVTQPSGKIKACECLIQKHQAEKKGLLGAFKPQCAEDGKFQKQQCHSSTGQCWCAHPETGEKTSQPIRGKPKC*
c26573_g1_i1_orf_1, MRNVLLGWVIGSVLIACVLSAQNEDEMEAESISQLLGNLEFVESDELRSDDECIPRNHDCTSHRHKCCRSKFFKDKCKCFYVEGNDTETEVELCTCQQEWYLGMTEKIYEQASNLFKKWFG*
c26850_g1_i1_orf_1, MVPGFVNFALMVLCAIFLAMATDAFSDVDLRIAERKAIPHYIRHSYEYPEIDIKKIMQQRGMRIGQNSQNVPQQHNRGNFNGAVNIANIRNRFWKSQGKTPSLSNHIESHPNQNPYFIKKVKYYRNLPGDNKRKIKNKFY*
c27020_g1_i1_orf_1, MVNELSRSFNKIFSSLPFEEKHLLKILLDFGAPHILQSDNGCELTSTSPRRSDSKIVHGRPYHSHSQRSVKCCNQEIENMLRAWMDDNGSTDWVIRCCFIQ*
c27221_g1_i1_orf_1, LFLWALLLHETRATQDLDLALMDSMLEKLETETLSDGAFEEVGRMMEEYRSMVREEEERTIHLEGLNRTEEGEERQADCDDCCEMRQQTLPFALIGWEW
c27383_g1_i1_orf_1, LNIIADQLHPYMASVFPAGNGMFQQDNAPCHKAKIALEWFQEHDAEFQLMSWPPNSLDLNPIEHIWDVMGRQLRVQRPPIRNISDLRDCCLNIWYNLSPAIYQGLVASMPRRVEAVLHAKGGPTRY*
c27436_g2_i1_orf_1, MKLLWTVPILFLVQTLAKDVQAHEESSLLAVIAPEERKACTKMGHYCENDCDCCGKFNNCQCPHGAIYCMCLTGDSKTCLHKKKVCKSPDVMDKPRGGC*
c27670_g1_i3_orf_1, MLMFCPTCSNILVAEEGHYCFRFVCSTCPYTHNVKRKLCSRMYPKLKEVDDVLGGASAWENVDSTEEACPKCGHPKAYFLQIQTRSADEPMTTFYKCCDCGHRWKE*
c27708_g1_i1_orf_1, MKSCIFVLLCTIGVIYASEVIHASLEAQFYESEREDCVPLEGECTSNRNGCCPSTGYSEIGCQCYVLKKDKKRYNTEGPATTKCWCERTGYWWEKVADSLG*
c28126_g1_i1_orf_1, MNSLFLVYTTAAACLLFANVACYSEPDCSIGCDPKACPKLPECKCGSYLDYCKCCSYCLKCPGDQCELVAMEKCANGTICKPREEATGIERINGPGWCS*
c28175_g1_i2_orf_1, MIRIGLSYWVLLCVLKIAFLKSVFEIGVILNRYECEKCAMVFISFQALMRHTKCVGGKKKKANRFKCPYCPYTSNISTNFKNHKLTHSTERPFTCPVCGMGFIQKQNMKNHFHQHTKMSPSLKFEAEQPKFDV*
c28311_g1_i1_orf_1, MKLLLAITGLFLVQTLAKDVRAHEESSLLSAVAPEEQRACIKEGENCAGDCQCCGKWSYCRCPLGGILGCSCIIGDSMVCVRKKKECKTPDVMDSPPGGCFSSSKRRHGR*
c29174_g1_i4_orf_1, MSQMQAIKTEEGQSSTIVVEAEEGAEAAEVPCVRMKLKKPKSKKKVAWAADTVDNENMNKKKSKCCCIYEKPKEFGESSSESDDDECQHCKGHTDRKRKSGPSSENHLHPIEHRNK*
c29402_g1_i1_orf_1, ICQKAFSAKHGIIRHMRIHTGEKPYICDICQKQFSKKGGLTQHRVCHTAEKPYACDICQKEFLQKGNLTAHLFTHTGEKPHSCNKCQKQFFKESDLNRHFLCHTGEKPY
c29432_g1_i1_orf_1, MVLISALLIVICFASVFGTGEPPLSPEERKAIQGNLDKLQLIKDLMNAILESDKIEKRAEDKKDECLPIGAECSFWTGPNCCSVRTRCNVFDYLENGGTPRARWRSACREYNGGVWLDNIYNFFKNLG*
c2944_g1_i1_orf_1, NRIIDICYMHAEKGSCRGSFKRYYYDFNTKSCMKFEYGGCDGNANNFNSLEDCRNRCPDTGDYSRKSPKFSTGDFEDFTCVKDGLFHSPEDCESYIQCSNGQKYVRPC
c29476_g1_i1_orf_1, MRSIKLISVATCLCTFAYVLAKSDEGENLISKVEETQRGCIEIGGDCDGYLDKSYCQCCRNNGFCSCYTVPEWFGYKVGCKCSVDWNFVGWCRLKQFCPGGSQNPKLCKDPNPRRRRNGK*
c29626_g1_i1_orf_1, MYMYWIIFSFCVLSVYAVGPEAVCEKLTEELGTEYDNCYKLDSEEELQIVLNCHKEVRPGKTPSSYSFFEAACKNNDLFNQFYACLFRNAVMQGKNMEKSTHCMQAASKSHGIGWP*
c29978_g1_i1_orf_1, MWKFSIVFVLVPVAVQCLECYVCDNQDDNKDKCINTIKTCDIAQDRCLTEIRWGSTPYWDATGKKQYYISKKCATERECKDSIHAVSKRCDRIWYNDWECVECCHGDRCNYYVTLAGSNIKPHGIFYILVTLMWVILLRKVL*
c30004_g1_i1_orf_1, LKMKVALVFLSVLGLVYCVAVDEQDLEAADLLEALDFIDAASEVDEIDDAVIPEDEARAWKCLPKHSTCDDDCQCCDGLHCHCPLRKLAPGILRCSCQSKDGHVNTCKTR*
c30004_g2_i1_orf_1, AVLGLVYCSALDEQDLTAAEVLEALDFLDAASEAAEIDDAVIPEDEARAITCLPKDSTCNDDCDCCESLHCHCPLRKWAPGVFRCSCQTNKDDHVNTCPK*
c30034_g1_i1_orf_1, MHAWSAALLVVGVASAIGVKSGRFRRDLLDLADMFDLVTGLDPSDYIPYGNWCGYGGKGKPIDRIDGCCHVHDACYGDSEAKCSNEQLVHVVQYEWMIVNDTIVCRGEESSCEHSVCTCDREVVECIAKHSHTYSEHYRFIRKSS*
c30179_g1_i3_orf_1, ERAFKMLPFYLFLVASCVAFAASDSVTISAEEQKALDEQLGKLKAIEDFLEVILNSGKQSQARDDECLQPESDCSVLSGPNCCGIKYRCRWLSKKCQEYALGRWIEQAQEALGTKKE*
c30466_g1_i1_orf_1, MMTMKLLIILCSLIFVVHNLSIDAPDEEDDLNELEGYPDGYLEGSRSCSNAGGICETDCDCCYLWDTCRLKYFWWGEGKCGMDHLGTCLDKRRNCPGYKDAKCGSSTKKPRYGRKK*
c30484_g2_i1_orf_1, DVCHKQFALLSSLTSHHRVHTSEKSYVCTVCHKKFSQKGALINHQHVHTGEKPFSCDICHIMFSQKDSLVNHQYVHTGEKRYACDICHNKFSTAGHLTNHQR
c30616_g1_i2_orf_1, MKMFIGLLLVSCVAIVAHGSLYDSLDAEEIADIQEPLVADEMPSELMQAEERSIRSLFASFNAFKRGCSLPGDLCGAGRPRCCGFTTRCVPVSFGPVKRKGQKSTKLIAKCRTPGRLF*
c30770_g2_i2_orf_1, MKILFLLTILCAAVFYNILANEQAAEELPSYLREEESGGFRNYLADLEELDLQDELRESDGKCIPKHHECTKDKENCCKGHIFKYKCSCLDVEDDEGVESRRCRCITAPHHKMFEMLGTLFKEMVN*
c30842_g1_i1_orf_1, MKGALFFLSVCATVIFYVECTSPVQCTGECDRNACSSVDDCQCGTYLDQCNCCSFCRKCPGEECSFIAMDRCSTGYECRHTEPRSGPDYFNLPGICMQTN*
c31544_g1_i2_orf_2, GSFFCVCPDGFTEDLCETEIDECASSPCQNDGTCLDKVNGYVCVCPIAYEGTNCEIEREICFRDVVCLNGGRCMFGEMDNSSFCVCKPGFSGTDCSHNINECENVVCENNGRYFRI*
c31547_g2_i1_orf_1, MYVNFIQISKHTVKCSNCDSQFSTLKNLEYHIQKEHNQTNANNECRLCKNNFNKKDISQHLTHCHEIQIHHERIKYFRCHCSGICASEGKGMCHLKLGGSNEVGAYC*
c31767_g8_i5_orf_1, MHFSSDGKEKPYTCNQCQKKFSHRSNLRQHELLHTGEKPHTCDICLKQFSQKVSLDTHLLVHTGDKPHTCDICQKKFSTKGNLTQHLYVHTGEKLHNCDVCQKRFSCKRDLTR
c32427_g2_i1_orf_1, CGKTFFTDIKLKKHMYQHTGEIPFVCDICQKKFLFHSKLKLHLHVHTGEKPFSCEICQKNFSRKDMLKEHMYTHTENKPFACEICCQKFTNRSQYKRHLTIHTGEKPFV
c32446_g1_i2_orf_1, RSLHTPETKQFGKMKIVLVFVCTLYLAHATSLSEQDVNEVSEFLEALDQVDEAASEMVETEETEEARDWECLPLHSSCENDCTCCENHHCHCPYKNVNKVVKVGTTLAQAPSWVKIPKALLRCSCQRNDKEGKVNTCPKYGKVGKSGKGKKGRKG*
c32600_g7_i1_orf_1, QIFEAGSKRKKSKEQNSGLCFKMGKCIFNALWISKAEYAEWLRASNDRHKGKCILCCKEIDVSSMGESALKSHIKAASQSCNKEEFRCYIWKIIQQCQDLKTYEKQNSLRKYYIA
c33112_g2_i1_orf_1, MEKGTPAKKTCCSSKKAEKTCCDKDRKSAVSCEEFCPCCRGMKTRPKESSGEASTSVSCCQDCPCCGKMLKVTNCSSENPCKCCLKTVCKSDRCADYKCGLDATCICGTKCQCCNCKSAALCTCGVSCKCCNSKACKSES
c33119_g7_i1_orf_1, MLTHTGEKPYNCEECQKSFSHRGGLNRHMLIHTGEKPFYCEMCQKVFPRIGLLKQHTLTHTREKPFVCEICQKAFSCKRYLNEHMFTHTDEKLFDCLIC
c33273_g1_i3_orf_1, MTSKVLLKNNSTKLFLSHTEQNIYPHNICQKQFLQEDHLIENGLSHTVDKSYICDKSRKLISGKSDSTRHQQNQTSKKPYICCTCQKQFYYQSKLIEHLRIHTG
c34791_g1_i1_orf_1, MKQCQSQDDCPKKTHCCSKRLLSPNSYCVERRKLGQVCMHDAVGHTLYNGIYDITCPCEGELKCLKDEYIAENGVSYSFGNAVCREPDYSGSFPPGVNPGNGNTAEANLVS*
c35058_g1_i1_orf_1, IASACMATYRNSHIQPDTIAMVPVHGYVNSTNFSPDSIRWLDFVAATQGLHIQHALNNTGECKIAGFSVDGICEENRTIYQYQGCFYHGCEQCFDGDTVHPLKNNTMVNIRQKTEETRNKLRSLGYTVIEMWE
c35322_g1_i1_orf_1, VYIVYEAILDKAKTWAEGEDDCQQRAGHLTSLLDDSEAKALLKMLPSKDAKMWTGAKLGREGTGYWTDGEKITDLPMAKNSGVTSSSESCCRAINETGKLRLAGGNCEDRHPYICKYTVQEILTIP
c35449_g1_i1_orf_1, VMLLFYDDFIGTRLAYIVLNIVKRAVSQNLEFATNNLPFEAKDIMMYTAWILLSILAIVIQSRNLSSSNGTYFINKLCCGKQRQIQRHSELVHCPECNPHQPLCKNNSVFYNTFPK*
c35620_g1_i1_orf_1, WTDYEFRVYGWNRFETGQGSTVGRFGTRPDYCQMNICEHGECHALNEAPGYHCDCQKGYYGEVCQHFDPCSLEPCNNFGACTNITSRQWRCDCLPGFSGQNCSEFN
c3569_g1_i1_orf_1, HATADDTIVACSVAEWICAADPLCSTALEYYHRLCRSMFHGRKCTPRCNNSLNILERQEKAAKLRNCYCDGSEDFPCLNIQQNTQRLCYGNEEWLVDTHHLAPTTSKTESG
c35965_g1_i1_orf_1, QDNSALVAHDSQPQGIVKTIVRIGGTMNNVFLRNRMFGYRMPKLFECCVCGKTFSMKGNLSVHMLIHTGERPHQCELCSKVFRHRNSLNRHKRSRHCCAPDITNSIFSAL*
c36071_g1_i1_orf_1, KISFRDAKLVNNMYSCNLFCPNLVNDTQQCQNGGYHGPYKGENCQCICPPGTSGTYCEDVRNTEYYSPPICGGNVTEEEEIQTPGYPKRELPNDSCSWWIQVRPRLVKG*
c36698_g1_i1_orf_1, MPFPILEDKIKVLPHSCFVCSKAFVRKNTLLKHYFEHPKELGTDLEYLEEAKAKYLGKKIDTFDEIPNAGMNNGFPEECEPTSETNEQNNNQNVIQNLDSNDIIITSLDSSNIMVQNLDPTNIVQHIDPGDVQSLN
c37898_g1_i1_orf_1, LMVTYGRVNLLSHPLCENLLMHKWKNYGRYVYYGNLLIFVLFIILLTSYVVTAIPPCPSETSDPNCCSIKNYTCQPYMGKCDRNINHEFPRICRSFIYFLAVLHLLKEVYQVHQNGRKYLNVENMLEWACYLS
c38131_g1_i1_orf_1, ATSCASCWDKSFLTHEGTCEAQCEKGYYPFRGICQSCSYNCHDCIDASNCLNCKGDLVMQFGECVPECAEHHYIDTVTRQCKECSWECLSCRGPMPNECTSCVSGKLFE
c38403_g1_i1_orf_1, MKIAIAVLVLVLVLIVPSEAENCRSQPDLCKEDECCIEIGLTGGRCGPIRKEGDLCLLNSIHPSKEKDTYMMMCACGDGLTCEENESGIKPLFGRCVKK*
c38716_g1_i1_orf_1, GAFAYFSDSNSPNDFSYGPHPGFYEYFPGPHNPTGLTEFPGTVPLGGNMEHPPQMNNGIGNMGSDPSYVSPSSDCLRSSPENGMVTLTDYGPRQQQTPTDPANFSPFVNNHVNESRVW*
c38774_g1_i1_orf_1, GTCLDERGGFRCVCMPGYTGLFCEEDVDECASGPCLNGGICSNLVNSFKCLCPIGFMGKKCEINEDDCIGHPCQNGAKCVDAVASHICLCQPGFTGFNCEVNIDECQSNPCRHEGHCVDGAGGFSCV
c38937_g1_i1_orf_1, KSWIIIVFFCCLSLALAQDKRHCKKNEDCDEGECCVRIHEYTGSTCKKMRGKDEFCFPNEEWNNLGDKYKFMCPCESGLKCKAAEVKEEDGVVTYVNARCT*
c39249_g1_i1_orf_1, DYCPYIQEFTWKSNNIVVRGSQCQFPENMPQPEKNFALEYYGPSSKCFNHNKEMWEERTCQQVRQWQHWGSGCYKYECVSGHLHVIVANHTYTCFHTGQQLKIQIFFQGWLHIGTIVCPPCHEICGENDINCQPDSVK
c39945_g1_i1_orf_1, ICNCVHAVGCNPVTGQCLCSAGYTGFQCKDTCKPGFFGHNCSYLCNCNQLTTSLCDPVSGECRCITGWQGSRCESQCPPHFWGDSCKRECQCANNGTCHPSTGKCICSSGWTGSDCSQKCSEGTLGPGCEEQ
c40289_g1_i1_orf_1, LNMQQDKGKETSIYAKVTLYVRRKLVRTKKTPSRKKTPEIEFNTPFSINVPSSALQDVDLMVVVCEKWPLGGKRVLGRTQAGTNCLCDQGLQHWQDMLASPKSTCAQWHALCA*
c40801_g1_i1_orf_1, HEAINRFIRVGNWIKSLLFQLLKCIWTKPINQKVDRTIERTKKESFEDITTETIKGDSRISEEEVEVEKYADNVENISDHEDPANCCPDCCYARFPSLKRNMFRTQWFNARKKCFILVGHKCF
c41438_g1_i1_orf_1, ENFMLCLRFSSELDETSEILLDSDECETKVSFMTYPIDNLNNVQPFQGNFASYGGQNAEINCKCPYCAKEYPSFMHLKRHIKMHTGVKSHICDVCSKGFVQSIDLVRHYRIHTGE
c42649_g1_i1_orf_1, FNPCALRPSPCLHGGRCESASSHKYQCHCTRGHYGKTCQYFDPCSTEPCKNGGKCQNVSESDFVCKCVAGFAGKQCEIDVDECASSPCKHGATCRDGINSFHCR
c43401_g1_i1_orf_1, RLPCGHKCNLMCHPYSHELVRCEKPCTRTCVRGHPCKKNHPCYQECNCEVLIVKTLQRCGHTVEDHCWKPEEKIICKNPCKKTCKNGHDCQKMCFEFCGSCSNEVDKTLNCGGLFKTCKDVDLCGKTCKGKKRHSCLKTYLEFCGSCE
c43436_g1_i1_orf_1, STDKMKTLILVGLAFCFLFAVSEAKRCKNEDDCRENECCVSMLMTTVCKPMKQKGDLCMTDIEKMKNKDGSYKLTCPCAEGLECKSEKTEKDSGVGIFFKDKCVEATF*
c43719_g1_i1_orf_1, KTSGHGDLYKCDICNEKFSKEFDFINHCLNHPAEKFHNVTDDEIVLCKQEHTSHETENTLKGSYQCDLCSESFYSEIDLVNHCLNHPPEQYVCDMCSETFESEHELQEHSEIHSR
c43785_g1_i1_orf_1, MGCGLVPWASVLCELMTPDPCYSNAVDMQRCLKANRYQEGVCFGSMAQMEKCCSKWKERSPCCFTYEKLSSQNQVKHSHSHTKNEKFTKDAHFMLSVLFLSN*
c43899_g1_i1_orf_1, HKYGYMCQCDAHHTGEYCEVPLDHPCPSNWWGYPICGPCHCDTNKGYDANCNKTNGECQCEDKHFQPPHSDICFDCDCYATGSFGNRCDPITGQCKCRAGVIGRRCDSCSNPFAEVTLRGCEVVY
c44184_g1_i1_orf_1, PGCKSDRDCQYDEACDAFSGSCYDVCTRGQPCGINAICKGENHQPSCSCPPRYRGNPKVNCFYVQECGVDYSCPGNLICLNSKECGCPPRYERRGDYCFIVERNCTTTNPCPTNEECLYV
c44393_g1_i1_orf_1, EKMFQRQLSKQCLSGSVLDANSAGKLRFSKEELMDLFTFHENTRCITHDLINCKCLSLEHILNFDELETTENNSEETKNVSMAELMNWTHDCGPISRENCSDPCLVNGGRDITFLFQNIVNARKH*
c44410_g1_i1_orf_1, KLIHRVCVLKMIFKEKKERKNLSRSSSKMNSKTVFLWVMIAFIAILTGSVHSRRRGGFKLTGCKEFEYSFSKEWKKMARNGEINPKDCREAENREECMWKNVMMVRNSMTEEPSDDCMAQVNEFYGTGGEMEK*
c44589_g1_i1_orf_1, ETCINRFCQNPCSVYGACGHNAICKAINHDRVCTCAPGYTGNPHTLCTKIPVLPKCQSDRDCSLGQICQNQRCVAGCRSNANCPYDETCLHAQCQPVCELSGACGQNA
c4526_g1_i1_orf_1, MLPPSMSGGPHNLGDPDDKSLRKVEREILIPVKIRDKTRTEKCAAEGEEFSKCCKDAGFWMVWKCKPQTKALNNCLEKWYHDEEFKQQCTEEYLEQRSEYRKTGIKEKQKRKENAML*
c46213_g1_i1_orf_1, WGTHSQPKTINSETTKSISNSKPEEQQRTATWEVCPQRQPSNNNVFHYQHRCDQGMILNKWNEWVECQDPIHEIYHQEELHLPRMNAVATGYDDYERNGSQYYY*
c46299_g1_i1_orf_1, FPNILDLVVISAWVVFKETAGSNLSRRNYILKLEEELREKYISKEPEVICPQTTPEVSNKRKRCQIKQCKDNKTFTLCEKCSKFVCGLCTVKKETKIIAFYVNCFERK
c46488_g1_i1_orf_1, LLYTIYADFFASLSALFEQWIAARDSTEKELKEIDCTNFYWFPNIDINDKNFSPSCFERYLSDYWQDSLPKMLLTESAHECFSTHKKKFCCEDFEKEKNIFNVFSFSAENA
c46565_g1_i1_orf_1, FSFKKEYYILLVLFYVLLLKISEASVCQKYDYIQNDAAVPPNTVVTPYPNNAVKVNYTCPGLSDPKHHTECCSTSQKKGCCPRSRYFYEIDKTIAAVIAISVTSVCILI
c46936_g1_i1_orf_1, DGTFESQCRDHICQCNTRGDCPCKQLVTGQKCDKCVEGAFGLSAEVAKGCYECFCFGKTRVCNQASMHWSKSQYPSRDIYLEVGTSDTQTRLGFQIFPEEESVKRLGIPYVLDKPLYWSLPKDKLGDKILSYNGYLSFNID
c47264_g1_i1_orf_1, CISFNSVVFASNFGRKSNNWCSYQVTRLVSCTEINGTETYMGREFERCWYWPYSETCGGNFRVMKRPKFVTAYKVKSETQWKCCPGYSGSTCEPDFGNSSSTNNGFTHHRRNGNKLSNRADID
c47754_g1_i1_orf_1, NESCEEAEFGCCSDGFTLALGPFKKGCPSIFNCNETKFGCCPDEKTISKGLNMEGCPEENSCTNSTYGCCSDGITEAIGPEMEGCLDEIDCSNTTFGCCSDGMRVATGPN
c48477_g1_i1_orf_1, MALLRQGVKSPYRIYQATCITFRNKSEEKLPHYIEHATGLERKELLARAAGNDDPFGMKMMKRGAGTKTSPNLVPSFLEKRIIGCICEEDSTVINWMWVHKDEPKRCGCGYWFKLVDAKPL*
c48916_g1_i1_orf_1, MRNLFDSIDEITVKDTLEGDNMYTCSQCGKKVRAEKRACLKKLPKILCFNMMRYTFSFVTNSKEKVNTHFSFPMQLDMSNYMEKNLIPKQHIDNEDTGCPDPEEECYEYELIGVTVHTGNAEGGHYYCFIKERDHP
c49120_g1_i1_orf_1, MVNVPKTRRTFCKGIKCKKHTLHKVTQYKKGKDSIWVQGKRRYDRKQKGYGGQTKPIFRKKAKTTKKIVLRMECSECKYRKQLPIKRCKHFEIGGDKKRKGQMIQF*
c49513_g1_i1_orf_1, FKNISTDSNKCAPKYRKMAKLSQELKEEDKDTGLKSVCCALKDFTLCKHEHVIRDCGPTASQFLQRSMDKMSGSLINEHCVLYTYGSDSCSSDSRHSKLPNECPLHLMLLLLLLSIFSWL*
c50088_g1_i1_orf_1, MQVWELAPCETLLPFICHIKSCHRDSFHCNNGHCISKKFLCDGEDDCGDQSDEMDCPTSCHFHLQSSGDAIQSPNYPNRYFANSNCKWTLEGPIGTGIVLQFSDFDTESSFDTVQIQV
c51295_g1_i1_orf_1, TFVAHPCCQKWLTTKFMGNIKLRDLAWGFMTFPEYIKVILCAFLIFPMYFWVRFKESSVHEFVGGTEYEDNDPYYLLQGKEEDEKIPEKEAGRSHLQQYHYPPLWQMIFWFWSAPITRFWVSNIFYIIYL
c52530_g1_i1_orf_1, CCPNGLMAATGANYEGCPCTTFPHGCCPDGKTISRSHSLEDCPCESMTHGCCPDHKTAAKGPYNEGCPCHSMLHGCCPDNFTAALGPKLMGCPCMSMPFGCCPDKQMAATGPNFQGCPCKSTVYGCCPDGESTALGPKYEGCHCTTFPYGCCPDGITPARDQHFGGCSKKIHKNLATSDVCSLPKERGPCHNFS
c53652_g1_i1_orf_1, CTGDQTSIETYEYPCNSEKQVYDRELKKCIDWCQRKCGPDLNVACTGDRTSIETSECTCNLEKLVYDRKLKKCINWCQRKCGPDLNVACTGDRTSIETSECTCNLEKLVYDRKLKKCI
c53985_g1_i1_orf_1, RTSPSNGTDHTSQDSSSSNGHHDQSESQDMSEDYQAPMLNGFNGSSHPYIYNGYSQKEMNGHDSDFYINGEYNGYESSEFQPVRLDDSIEECQVCIGKNGIHNGCVCKKLNRFLSYHQSLPRKAFNTRLQVNGDVSENGFSK
c54169_g1_i1_orf_1, LQKQKESKFQGCVLKKEAECGSTDECCVNCHINKVKGRCYSGTRACDISHCDGKSSKCPSGPKASEGLICSKFNESDPLAEPLMCKNGNCNKPLCSSFGLKPCSCLPGSGRDCVYCCLSKDGKCKSAGKELQLVKGMDYPMENGMECMGGICMNGKCIPDSSQQLINFTNIVKPPRYPAVKSTGQGCHRMTAVFLALFVACLLIK*
c54184_g1_i1_orf_1, MKRKLKFHLTSYQDMRELSVMTLSYISVLMMVMCLCSVDGRVRLSYSEVEKFGNSCPRLDSCAFQRSTGRRQLVSIKERNCACDYVCADYGDCCIDAPGIEIRKTVNTLKCFDLKQFGGVYMKDSCPHSYQ
c5427_g1_i1_orf_1, KPYVCEICQKSFTQRSSRNVHLRSHTGKRQYICNICEKSFVYMGSLYEHLRLHSKKETFICEICRKGFCTNKSLNRHRLTHTGGKPHVCRMCQKSFNRKYTLTKHMQSCTSKKPYVCNVCQEIFNGRDELERHSHS*
c54795_g1_i1_orf_1, PKCMNGGICSAPGICSCSEGYIGPHCEGGMCRQKCLNGGKCIQKDTCACRRGYYGQRCEYSKCSSVPCLNGGRCVGINSCRCRRGFSGNQCDTVSENMALLKSGKQKRRRQKQYQ*
c55260_g1_i1_orf_1, MGYQYWPDDFPSEYKTPLLVKTSRKKSFGERIPARYVLTLLTFLGLGIQYTQRVNLNVTMVAMVNSSFIEGKENDTTMDECPNIFAHPELNVTSPIPTYKQGKFTWSPTTQGVILGAFYYGYICTPLL
c55755_g1_i1_orf_1, SDSGVWIPTKPRMGGWILTYGSIKRTMKNKAKEMAGGDSNPMVMYMEQGWDAIGGDDWQTQMHDMFAQGMEQFPYFKEMEEEMKKMAGAGEGKEEIMKKMKEMMASQG*
c56081_g1_i1_orf_1, NWLKVGPLANDTEMKVCGKNYYFQSVISNSNKLLIKFHISKFIEGGRGFQLKYKITPRTVTACKDNEIKCGTNQCVNKSLQCNGFPDCEDGLDELHCACEFTDLIIKFHHSCDCLICY*
c56205_g1_i1_orf_1, VKLRVELEDFEGNSSFAEYSRFRVEDENNQYRLSVGDYRGNATDSLSLHDGKMFSTHDRDNDEVAACCNCADTFKGGWWYYRCFEANLNGPYHTDPTENGYFLGIIWERWRGDYSLKSSEMKVRPLAFDELQDP*
c56322_g1_i1_orf_1, PWLYGVFAHQTSCTRYWQCWNGTSTIQQCPFSLLYNDVLHSCDWPDNVPDCQKHPICKDQPNGHIPIDKSCGRFWLCVGGYPRLQRCPAGLAFSQTALRCELAQNVAGCEPPSTTAAPDDEDDSKIVGNQVQGGEA
c56549_g1_i1_orf_1, EVCQGPAVETKNANSMSTAEGGNYRMPCLHNGRIYQNGDEFSSNATGLQAQKPNQCIHCMCQGGLILCRLRTCSPIQCLSTDTKNCCPTCKDEEASEEEN
c56770_g1_i1_orf_1, SELTFDYQMDFSHFEKLKCNCGSKRCSGLIGKKPQNGTTNPSVSKVKELTNGTKLINRKTENVVLKNDKGKPLCFKCKKSGKLITCTRDSCGKSFHLRCLTNIINSKPSSKNWVCPHHFCKKCKVS
c56836_g1_i1_orf_1, SEYPTLVRSSQFVFVPGPDDPGLPYILPRPSIPSSFLGDFKKKVPNAIFTSNPCRIQYCSQEIVVFREDIISKMCRNSIYTPWEHEEKVDIPNLFVKTVIANGHLMPLPLNVAPIYWEYD
c57848_g1_i1_orf_1, ESFLYYEEKSCSSMCSCSKTNFNPVCDIYGNTHFSACSAGCYVRENVGKIVAFKNCSCISSASNYTSEVTQASKGICSADCSKFLPYIIIITVSKIFGSTARVGNILVTLRCVDEIDKTLALGAVEFFISVFATIP
c57896_g1_i1_orf_1, LLRINNPGYQVDSTGKICSDINECAVNLLLCEKGQCRNTPGSFQCTCPIGFRHNVLTNTCDDVDECKERGAEICIGGVCFNTPGSYQCECEPGSALDVS
c58380_g1_i1_orf_1, GYRNYPQCTPCPCHTAGTVSGLQCEGECKCKTYVEGSRCDRCKAGFYHLSADNPDGCSQCFCFGMTDECTETDWGVTIVQNIEDWRVTDLAGTRIVKPLPENGNVVIANDDVSRFSSYYWLAPPDYLE
c58386_g1_i1_orf_1, NTNKMFSRARVKMNMTAQLPEEMDLFKDEIVNITEEVEKGWYRGECNGRQGIFPASFVTLLPDTTNENSLSVPCTVSTSTTETYDNKYGYDCINSGITPYGRALYPFQAEYANELCLKGGEIVNLIRHVD
c5902_g1_i1_orf_1, FLILELFTELYINSLDFVSKPNICLCFNMYRVLIISAIALLAIAYVSSQEEGECGRRKCNEKQCCVTGILGIKYCQNIPKENGLCNNNATLYCPCSTGFECKRVFLFNRCQNSTTISSTTSAHFSPCINYRTADYCVNTRYACTKEHTSLYF
c59714_g1_i1_orf_1, LECSRNGVDMEGGWRKPGLCPMICANGTEYRECGPPCPPTCDDQEPTCQQERCVDGCHCPDGTVLEDGRCITVDQCPCHHGARIYASGDTMEQDCNTCVCQ
c6019_g1_i1_orf_1, MSLITFSKMADKQQLSNSEEEQFVCDICTELFDDEVSFNQHSCVDFIDKTSVCKSCGEIFSCKEKYSEHACILSNKEQFMGKINQENYVVKELLDLHCCTLNKELFVCKTCEKTFA
c60900_g1_i1_orf_1, MAVMDCSGNIKNHITIYDLLHNNRCPHIQCDVVCSTVKCLRGIHCCDYLCLKTMGICTCNFAMNGGHEQPDCMILFLQTNRASTCNSTMIGLESGGTVERDCLTVALCISILVLHLVLWFEMVLDF
c61493_g1_i1_orf_1, FWFLFADFYKNAYRKKNAALRKAKENEARKTKDDLHSLPMQNGFSNGHSCLSNGYINSCNSRNSISNGNTITHDISTALQQSQSDEFQCQNKCGGIKND*
c61548_g1_i1_orf_1, KVFCVLVLACAVVLQVADAKKGGKCGKYKDEMMKISKDMYENGEMPECTQKYNEDMEAILSAKDHEEMKEKKKEFHKKVKEMSDDEKEELFKCMKTVGEMMVNKMEEK
c61746_g1_i1_orf_1, LLYPASSEKIPLCIASAFTKREIMENWDWLEKNIVATLSAFDDEMELRNFVACKIESLVAQKTFDSSQDPDNMQYKLSSLKFSRLFSMPKEEKLVNYYSCCLWKNRLPCQGWLYLSVNHLCFHSQLFGREV
c61837_g1_i1_orf_1, TDSQPQGDHVQLCCHLCDSYFRECDDFIKHQKWHYKQENVIQPYKCVFCSYSSFQSSHLKKHLMIHIGMKPFKCHLCGYCCTTKTNLNRHVLVHSGVKEFICDICNKAFTQKYSLTQHKKT
c61964_g1_i1_orf_1, VLFKSRHVRMKFVIYLFLFTACCIYVYAEDMRSCFSDENCKTGECCISMVFVRGFCHTFGQEGDHCIEKPAETADGKRNLFGCPCVEGLKCVPEIIEEDGKTIFKNPTCKS
c62170_g1_i1_orf_1, CNLPHSVGNCYQFRERWYYNSHERKCQRFYYSGCGGNENNFATYLECEKQCEKSFDQNSAEEFSLEYCRFEPDAGPCSGRKIQWFYDKDGVCKQFYYSGCRGNG
c62930_g1_i1_orf_1, GKYCCSLNIICCMDASEKDNCESDCSNIIVICCPKPKKHAVDTSDTSGCSLKVHCCLSNSSVKGKDDCRSDYCTANIICWPKESRQCTTKSNISCCNLNVTCCPDGFDVKEMNDCKSDWCEIKIVCCPKSGKR
c62934_g1_i1_orf_1, LFYNRYKMASFQFLCVVLVIAVTVKSSPIEDKELGFPCPSGMTQCGLFGCCPLPSAVCCSDGIHCCPNGYICNYAAGGCTRSQMFSPFLKKKNFASETQEE
c6545_g1_i1_orf_1, MNKLAVCVFAVFCCIFVAECQELHDKIHSCMKEKFCAGSEEDKKSFIGCAEMMPERVKELMFKETGTEDVDTAMQKMCEDETVGNKICDSVKENKEEFEMTEEKVKEIEACLETVC*
c7522_g1_i1_orf_1, MLSESTQQILPWAVSAAAVGYALYVTVLLYKKKGSVNPKIQKDTDKVVHTLDIEDIGKKSVFCRCWRSEKFPYCDGSHNKHNEETGDNVGPLIVKKKDA*
c7559_g1_i2_orf_1, MYFNTKYFKLKNVEDHVRLSFTHVDIAWVDKKDSGGVAKLAHIRYYPKDPRKDTVDTPYYEQKENTRDSMRCPVKLYEFYLSKIPESCKGRNDMFYLHPDRSCCPDNAVWYSPQALGQDIIAKMIQRIKIVHEIYEN*
c7608_g1_i1_orf_1, ANMNRFILFGLALCFLLAVAGAKTCKSSDDCAETECCVNALLISSCKELKKKGEHCVTNIEELKDDKGRYKFTCPCASELQCKPQKEKDHNGVVNFLKDKCE*
c7851_g1_i1_orf_1, KEFYYGGCKGNNNRFKTRKECETSCFKAQDVCSLAPVKGPCSGTFTQWYYDPTQDDCLEFTFGGCQGNANRFDNREHCQQKCKKEPVATEQPKISSDICSQPQEPGPCLGYYRQWYYDSSDNACKSFVYGGCEGNDN
c8449_g1_i2_orf_1, KIFTISALLTFVIFASAANQKCTKNSECEEDECCLHKFVFGKASCVKKGQEGATCAVGDFKYKEDQYVIYCPCSSGLECKAESTEVKGNRTIHRKPRCVKKETE*
c9152_g1_i1_orf_1, ENKKTRMPEELVSCSDCGRSAHPTCLQFTPNMTASVKKYRWQCIECKSCGICGTSDNDDQLLFCDDCDRGYHMYCLTPPLSEPPEGSWSCHLCIEEYGRK*
c956_g1_i1_orf_1, MKMFISVLLVSCAAIVAHGSPFESPEAEETVAVQEPLVADEVLSELMQAVFYPEEFRSKRFPELCLPPGAVCTKGIGPKCCGSISKCVKASTLPTKMKGEKLTWEYKCSYGLIGALDSFGFF*
c9802_g1_i1_orf_1, CMNSKDCEEDECCIVRGLIGFRKGRCKAMGKEGSKCSSTVAHFGFYGDKFYHFCPCKKGLTCEVDEPKMPLREADEFNIYNRCVSDKDIEAISKQLNTTEEESKQIYSTTQDPEQINSSVDELEDSNNSKIILESV
c9921_g1_i1_orf_1, NCVHDCKCKNSGTCNTVTGECHCTPGFMGSACEMKCPPGRYGDQCSSECQCVNGQCDPKTGSCSCALGFMGPRCDKECNFGKYGYLCSSTCLCSSSPCDKVTGSCICNPGF
