## Predicted neurotoxins listID, Sequence
c26414_g1_i2_orf_1, MESHTILLAQPGKLETRSYSDFDSVNECVEGVCHMYEEHLKKLNPHSLSISYDIRQLFEFIDQLTDLCCLVYQKSTNTYAPYNKDWIKEKIYILLRRQATKHK*
c26484_g1_i1_orf_1, MHKLIFLLAITVAIAEAAKAKTECQVHREREQKSKAPLPMRLIPECDSNGDYKPRQCFKDSKFCACWDKSGNPVTQPSGKIKACECLIQKHQAEKKGLLGAFKPQCAEDGKFQKQQCHSSTGQCWCAHPETGEKTSQPIRGKPKC*
c26573_g1_i1_orf_1, MRNVLLGWVIGSVLIACVLSAQNEDEMEAESISQLLGNLEFVESDELRSDDECIPRNHDCTSHRHKCCRSKFFKDKCKCFYVEGNDTETEVELCTCQQEWYLGMTEKIYEQASNLFKKWFG*
c26850_g1_i1_orf_1, MVPGFVNFALMVLCAIFLAMATDAFSDVDLRIAERKAIPHYIRHSYEYPEIDIKKIMQQRGMRIGQNSQNVPQQHNRGNFNGAVNIANIRNRFWKSQGKTPSLSNHIESHPNQNPYFIKKVKYYRNLPGDNKRKIKNKFY*
c27020_g1_i1_orf_1, MVNELSRSFNKIFSSLPFEEKHLLKILLDFGAPHILQSDNGCELTSTSPRRSDSKIVHGRPYHSHSQRSVKCCNQEIENMLRAWMDDNGSTDWVIRCCFIQ*
c27221_g1_i1_orf_1, LFLWALLLHETRATQDLDLALMDSMLEKLETETLSDGAFEEVGRMMEEYRSMVREEEERTIHLEGLNRTEEGEERQADCDDCCEMRQQTLPFALIGWEW
c27383_g1_i1_orf_1, LNIIADQLHPYMASVFPAGNGMFQQDNAPCHKAKIALEWFQEHDAEFQLMSWPPNSLDLNPIEHIWDVMGRQLRVQRPPIRNISDLRDCCLNIWYNLSPAIYQGLVASMPRRVEAVLHAKGGPTRY*
c27436_g2_i1_orf_1, MKLLWTVPILFLVQTLAKDVQAHEESSLLAVIAPEERKACTKMGHYCENDCDCCGKFNNCQCPHGAIYCMCLTGDSKTCLHKKKVCKSPDVMDKPRGGC*
c27670_g1_i3_orf_1, MLMFCPTCSNILVAEEGHYCFRFVCSTCPYTHNVKRKLCSRMYPKLKEVDDVLGGASAWENVDSTEEACPKCGHPKAYFLQIQTRSADEPMTTFYKCCDCGHRWKE*
c27708_g1_i1_orf_1, MKSCIFVLLCTIGVIYASEVIHASLEAQFYESEREDCVPLEGECTSNRNGCCPSTGYSEIGCQCYVLKKDKKRYNTEGPATTKCWCERTGYWWEKVADSLG*
